"year","month","time","ts","vei","latitude","longitude","deaths"
-4360,NA,"-4360-07-01 00:00:00",-4359.5,6,-30.2,-178.47,NA
-4350,NA,"-4350-07-01 00:00:00",-4349.5,7,30.78,130.28,NA
-4050,NA,"-4050-07-01 00:00:00",-4049.5,6,11.984,-86.161,NA
-4000,NA,"-4000-07-01 00:00:00",-3999.5,6,-5.58,150.52,NA
-3580,NA,"-3580-07-01 00:00:00",-3579.5,6,14.002,120.993,NA
-3550,NA,"-3550-07-01 00:00:00",-3549.5,6,15.13,120.35,NA
-2420,NA,"-2420-07-01 00:00:00",-2419.5,5,40.821,14.426,NA
-2040,NA,"-2040-07-01 00:00:00",-2039.5,6,-5.358,147.12,NA
-1900,NA,"-1900-07-01 00:00:00",-1899.5,6,56.53,-158.8,NA
-1890,NA,"-1890-07-01 00:00:00",-1889.5,6,-45.9,-72.97,NA
-1860,NA,"-1860-07-01 00:00:00",-1859.5,6,46.2,-122.18,NA
-1750,NA,"-1750-07-01 00:00:00",-1749.5,6,56.17,-159.38,NA
-1645,NA,"-1645-07-01 00:00:00",-1644.5,6,56.88,-158.17,NA
-1610,NA,"-1610-07-01 00:00:00",-1609.5,7,36.404,25.396,NA
-1460,NA,"-1460-07-01 00:00:00",-1459.5,6,-38.82,176,NA
-1370,NA,"-1370-07-01 00:00:00",-1369.5,6,-5.58,150.52,NA
-1050,NA,"-1050-07-01 00:00:00",-1049.5,6,15.13,120.35,NA
-1010,NA,"-1010-07-01 00:00:00",-1009.5,5,-1.467,-78.442,NA
-455,NA,"-455-07-01 00:00:00",-454.5,4,-0.677,-78.436,NA
-250,NA,"-250-07-01 00:00:00",-249.5,6,-29.27,-177.92,NA
-197,NA,"-197-07-01 00:00:00",-196.5,3,36.404,25.396,NA
-100,NA,"-100-07-01 00:00:00",-99.5,6,53.42,-168.13,NA
-50,NA,"-50-07-01 00:00:00",-49.5,6,12.242,-86.342,NA
46,NA,"46-07-01 00:00:00",46.5,3,36.404,25.396,NA
50,NA,"50-07-01 00:00:00",50.5,6,-16.25,168.12,NA
60,NA,"60-07-01 00:00:00",60.5,6,61.38,-141.75,NA
79,8,"79-8-15 00:00:00",79.625,5,40.821,14.426,2100
230,NA,"230-07-01 00:00:00",230.5,6,-38.82,176,NA
240,NA,"240-07-01 00:00:00",240.5,6,51.8,157.53,NA
450,NA,"450-07-01 00:00:00",450.5,6,13.672,-89.053,30000
640,NA,"640-07-01 00:00:00",640.5,2,27.08,37.25,NA
653,NA,"653-07-01 00:00:00",653.5,6,-5.056,150.108,NA
683,NA,"683-07-01 00:00:00",683.5,6,-4.271,152.203,NA
710,NA,"710-07-01 00:00:00",710.5,6,-5.58,150.52,NA
764,NA,"764-07-01 00:00:00",764.5,4,31.58,130.67,80
766,7,"766-7-15 00:00:00",766.542,3,31.58,130.67,NA
787,NA,"787-07-01 00:00:00",787.5,3,40.821,14.426,NA
847,NA,"847-07-01 00:00:00",847.5,6,61.38,-141.75,NA
920,NA,"920-07-01 00:00:00",920.5,4,63.63,-19.05,NA
930,NA,"930-07-01 00:00:00",930.5,6,21.125,-104.508,NA
934,NA,"934-07-01 00:00:00",934.5,4,63.63,-19.05,NA
1000,NA,"1000-07-01 00:00:00",1000.5,7,41.98,128.08,NA
1104,10,"1104-10-15 00:00:00",1104.79,5,63.98,-19.7,NA
1158,1,"1158-1-15 00:00:00",1158.04,4,63.98,-19.7,NA
1177,NA,"1177-07-01 00:00:00",1177.5,3,63.63,-19.05,NA
1206,12,"1206-12-15 00:00:00",1206.96,2,63.98,-19.7,NA
1262,NA,"1262-07-01 00:00:00",1262.5,3,63.63,-19.05,NA
1280,NA,"1280-07-01 00:00:00",1280.5,6,-0.85,-78.9,NA
1300,7,"1300-7-15 00:00:00",1300.54,4,63.98,-19.7,NA
1311,1,"1311-1-15 00:00:00",1311.04,4,63.63,-19.05,NA
1311,NA,"1311-07-01 00:00:00",1311.5,3,-7.93,112.308,NA
1329,6,"1329-6-15 00:00:00",1329.46,3,37.734,15.004,NA
1331,12,"1331-12-15 00:00:00",1331.96,2,32.88,131.1,NA
1334,NA,"1334-07-01 00:00:00",1334.5,3,-7.93,112.308,NA
1341,5,"1341-5-15 00:00:00",1341.38,3,63.98,-19.7,NA
1357,NA,"1357-07-01 00:00:00",1357.5,4,63.63,-19.05,NA
1362,6,"1362-6-15 00:00:00",1362.46,5,64,-16.65,220
1375,NA,"1375-07-01 00:00:00",1375.5,5,17.36,-93.228,NA
1376,NA,"1376-07-01 00:00:00",1376.5,3,-7.93,112.308,NA
1385,NA,"1385-07-01 00:00:00",1385.5,3,-7.93,112.308,NA
1389,12,"1389-12-15 00:00:00",1389.96,3,63.98,-19.7,NA
1410,3,"1410-3-15 00:00:00",1410.21,3,37.12,139.97,180
1471,11,"1471-11-15 00:00:00",1471.88,5,31.58,130.67,NA
1477,2,"1477-2-15 00:00:00",1477.12,6,64.63,-17.53,NA
1485,1,"1485-1-15 00:00:00",1485.04,2,32.88,131.1,1
1500,NA,"1500-07-01 00:00:00",1500.5,4,63.63,-19.05,NA
1510,7,"1510-7-15 00:00:00",1510.54,4,63.98,-19.7,1
1510,10,"1510-10-15 00:00:00",1510.79,4,63.98,-19.7,NA
1536,3,"1536-3-15 00:00:00",1536.21,3,37.734,15.004,1
1538,9,"1538-9-15 00:00:00",1538.71,3,40.827,14.139,24
1540,NA,"1540-07-01 00:00:00",1540.5,4,59.37,-153.42,NA
1550,11,"1550-11-15 00:00:00",1550.88,3,1.68,127.88,NA
1564,12,"1564-12-15 00:00:00",1564.96,3,1.375,127.52,NA
1565,8,"1565-8-15 00:00:00",1565.62,3,14.381,-90.601,NA
1566,10,"1566-10-15 00:00:00",1566.79,3,31.93,130.87,NA
1568,NA,"1568-07-01 00:00:00",1568.5,3,-9.13,159.82,1001
1576,NA,"1576-07-01 00:00:00",1576.5,3,19.514,-103.62,NA
1580,5,"1580-5-15 00:00:00",1580.38,3,38.65,-28.08,10
1580,NA,"1580-07-01 00:00:00",1580.5,6,-6.092,155.225,NA
1580,8,"1580-8-15 00:00:00",1580.62,4,63.63,-19.05,NA
1581,12,"1581-12-15 00:00:00",1581.96,4,14.473,-90.88,NA
1586,NA,"1586-07-01 00:00:00",1586.5,5,-7.93,112.308,10000
1587,NA,"1587-07-01 00:00:00",1587.5,4,-7.542,110.442,NA
1590,1,"1590-1-15 00:00:00",1590.04,3,19.514,-103.62,NA
1593,NA,"1593-07-01 00:00:00",1593.5,5,-8.125,114.042,NA
1595,3,"1595-3-15 00:00:00",1595.21,4,4.895,-75.322,636
1596,5,"1596-5-15 00:00:00",1596.38,2,36.4,138.53,NA
1597,1,"1597-1-15 00:00:00",1597.04,4,63.98,-19.7,NA
1597,NA,"1597-07-01 00:00:00",1597.5,3,-8.125,114.042,NA
1598,5,"1598-5-15 00:00:00",1598.38,2,36.4,138.53,800
1598,NA,"1598-07-01 00:00:00",1598.5,3,-4.525,129.871,NA
1600,2,"1600-2-15 00:00:00",1600.12,6,-16.608,-70.85,1500
1606,1,"1606-1-15 00:00:00",1606.04,2,33.13,139.77,NA
1608,7,"1608-7-15 00:00:00",1608.54,3,0.8,127.325,NA
1615,3,"1615-3-15 00:00:00",1615.21,3,-4.525,129.871,NA
1617,NA,"1617-07-01 00:00:00",1617.5,3,14.473,-90.88,NA
1625,9,"1625-9-15 00:00:00",1625.71,5,63.63,-19.05,NA
1629,NA,"1629-07-01 00:00:00",1629.5,2,64.42,-17.33,4
1630,9,"1630-9-15 00:00:00",1630.71,4,37.77,-25.32,200
1631,12,"1631-12-15 00:00:00",1631.96,5,40.821,14.426,4000
1636,5,"1636-5-15 00:00:00",1636.38,3,63.98,-19.7,NA
1638,NA,"1638-07-01 00:00:00",1638.5,4,-8.125,114.042,1001
1640,NA,"1640-07-01 00:00:00",1640.5,3,-1.467,-78.442,5000
1640,7,"1640-7-15 00:00:00",1640.54,5,42.07,140.68,NA
1646,7,"1646-7-15 00:00:00",1646.54,4,0.32,127.4,NA
1650,9,"1650-9-15 00:00:00",1650.71,4,36.404,25.396,120
1659,9,"1659-9-15 00:00:00",1659.71,3,13.736,-89.286,NA
1659,11,"1659-11-15 00:00:00",1659.88,4,-6.92,129.125,NA
1660,2,"1660-2-15 00:00:00",1660.12,4,-6.92,129.125,3
1660,NA,"1660-07-01 00:00:00",1660.5,6,-5.358,147.12,2000
1660,11,"1660-11-15 00:00:00",1660.88,4,63.63,-19.05,NA
1663,8,"1663-8-15 00:00:00",1663.62,5,42.53,140.83,5
1664,4,"1664-4-15 00:00:00",1664.29,2,32.75,130.3,30
1669,3,"1669-3-15 00:00:00",1669.21,3,37.734,15.004,NA
1669,3,"1669-3-15 00:00:00",1669.21,3,37.734,15.004,2
1670,NA,"1670-07-01 00:00:00",1670.5,2,-15.4,167.83,NA
1672,4,"1672-4-15 00:00:00",1672.29,2,38.6,-28.73,3
1672,8,"1672-8-15 00:00:00",1672.62,3,-7.542,110.442,3000
1673,5,"1673-5-15 00:00:00",1673.38,5,1.375,127.52,NA
1677,11,"1677-11-15 00:00:00",1677.88,2,28.58,-17.83,1
1682,8,"1682-8-15 00:00:00",1682.62,3,40.821,14.426,4
1684,12,"1684-12-15 00:00:00",1684.96,2,64.42,-17.33,1
1690,NA,"1690-07-01 00:00:00",1690.5,3,-7.13,107.83,NA
1692,6,"1692-6-15 00:00:00",1692.46,4,-6.3,130,NA
1693,2,"1693-2-15 00:00:00",1693.12,4,63.98,-19.7,NA
1694,11,"1694-11-15 00:00:00",1694.88,3,-4.525,129.871,NA
1698,5,"1698-5-15 00:00:00",1698.38,3,40.821,14.426,NA
1698,NA,"1698-07-01 00:00:00",1698.5,3,-0.677,-78.436,NA
1698,NA,"1698-07-01 00:00:00",1698.5,3,-6.892,108.4,NA
1706,5,"1706-5-15 00:00:00",1706.38,2,28.271,-16.641,NA
1707,12,"1707-12-15 00:00:00",1707.96,4,35.35,138.73,NA
1711,12,"1711-12-15 00:00:00",1711.96,3,3.67,125.5,3000
1712,1,"1712-1-15 00:00:00",1712.04,2,64.63,-17.53,NA
1716,7,"1716-7-15 00:00:00",1716.54,2,-7.93,112.308,NA
1716,9,"1716-9-15 00:00:00",1716.71,4,14.002,120.993,NA
1716,10,"1716-10-15 00:00:00",1716.79,2,64.63,-17.53,NA
1716,11,"1716-11-15 00:00:00",1716.88,3,31.93,130.87,1
1717,2,"1717-2-15 00:00:00",1717.12,3,31.93,130.87,1
1717,8,"1717-8-15 00:00:00",1717.62,3,64.63,-17.53,NA
1717,8,"1717-8-15 00:00:00",1717.62,3,14.473,-90.88,NA
1718,2,"1718-2-15 00:00:00",1718.12,2,38.47,-28.4,2
1721,5,"1721-5-15 00:00:00",1721.38,5,63.63,-19.05,NA
1727,8,"1727-8-15 00:00:00",1727.62,4,64,-16.65,3
1729,6,"1729-6-15 00:00:00",1729.46,2,65.73,-16.78,NA
1730,NA,"1730-07-01 00:00:00",1730.5,3,-8.125,114.042,NA
1730,9,"1730-9-15 00:00:00",1730.71,2,29.03,-13.63,NA
1737,5,"1737-5-15 00:00:00",1737.38,2,40.821,14.426,2
1741,8,"1741-8-15 00:00:00",1741.62,4,41.5,139.37,NA
1742,6,"1742-6-15 00:00:00",1742.46,3,-0.677,-78.436,NA
1742,12,"1742-12-15 00:00:00",1742.96,3,-0.677,-78.436,NA
1749,8,"1749-8-15 00:00:00",1749.62,3,14.002,120.993,NA
1753,10,"1753-10-15 00:00:00",1753.79,2,64.42,-17.33,NA
1754,5,"1754-5-15 00:00:00",1754.38,4,14.002,120.993,12
1755,10,"1755-10-15 00:00:00",1755.79,4,63.63,-19.05,2
1760,NA,"1760-07-01 00:00:00",1760.5,4,0.32,127.4,2000
1762,NA,"1762-07-01 00:00:00",1762.5,2,56.057,160.638,NA
1766,4,"1766-4-15 00:00:00",1766.29,4,63.98,-19.7,NA
1766,7,"1766-7-15 00:00:00",1766.54,3,13.257,123.685,49
1768,4,"1768-4-15 00:00:00",1768.29,4,-0.677,-78.436,NA
1772,5,"1772-5-15 00:00:00",1772.38,3,0.8,127.325,35
1772,8,"1772-8-15 00:00:00",1772.62,3,-7.32,107.73,2957
1773,2,"1773-2-15 00:00:00",1773.12,2,0.8,127.325,NA
1775,NA,"1775-07-01 00:00:00",1775.5,3,1.358,124.792,NA
1775,NA,"1775-07-01 00:00:00",1775.5,3,0.8,127.325,1300
1778,NA,"1778-07-01 00:00:00",1778.5,4,48.292,153.25,15
1779,8,"1779-8-15 00:00:00",1779.62,2,40.821,14.426,NA
1779,11,"1779-11-15 00:00:00",1779.88,4,31.58,130.67,153
1780,2,"1780-2-15 00:00:00",1780.12,4,31.58,130.67,NA
1780,7,"1780-7-15 00:00:00",1780.54,3,32.45,139.77,7
1780,9,"1780-9-15 00:00:00",1780.71,4,31.58,130.67,NA
1781,4,"1781-4-15 00:00:00",1781.29,4,31.58,130.67,23
1783,8,"1783-8-15 00:00:00",1783.62,4,36.4,138.53,1491
1784,4,"1784-4-15 00:00:00",1784.29,4,64.42,-17.33,NA
1785,4,"1785-4-15 00:00:00",1785.29,3,32.45,139.77,135
1786,NA,"1786-07-01 00:00:00",1786.5,2,-7.2,109.92,38
1789,NA,"1789-07-01 00:00:00",1789.5,2,34.73,139.38,NA
1790,11,"1790-11-15 00:00:00",1790.88,4,19.425,-155.292,5405
1792,5,"1792-5-15 00:00:00",1792.38,2,32.75,130.3,NA
1794,6,"1794-6-15 00:00:00",1794.46,3,40.821,14.426,400
1800,NA,"1800-07-01 00:00:00",1800.5,2,-9.23,33.78,NA
1800,NA,"1800-07-01 00:00:00",1800.5,5,46.2,-122.18,NA
1800,10,"1800-10-15 00:00:00",1800.79,2,13.257,123.685,NA
1801,7,"1801-7-15 00:00:00",1801.54,2,39.08,140.03,8
1803,7,"1803-7-15 00:00:00",1803.54,2,36.4,138.53,NA
1803,11,"1803-11-15 00:00:00",1803.88,2,36.4,138.53,NA
1804,NA,"1804-07-01 00:00:00",1804.5,3,42.7,141.33,NA
1805,8,"1805-8-15 00:00:00",1805.62,2,40.821,14.426,4
1812,4,"1812-4-15 00:00:00",1812.29,4,13.33,-61.18,56
1812,8,"1812-8-15 00:00:00",1812.62,3,3.67,125.5,953
1813,5,"1813-5-15 00:00:00",1813.38,2,40.821,14.426,NA
1814,2,"1814-2-15 00:00:00",1814.12,4,13.257,123.685,1200
1815,4,"1815-4-15 00:00:00",1815.29,7,-8.25,118,11000
1816,7,"1816-7-15 00:00:00",1816.54,2,32.88,131.1,1
1817,1,"1817-1-15 00:00:00",1817.04,2,-8.058,114.242,NA
1817,NA,"1817-07-01 00:00:00",1817.5,4,-8.125,114.042,NA
1818,2,"1818-2-15 00:00:00",1818.12,4,19.514,-103.62,NA
1820,3,"1820-3-15 00:00:00",1820.21,2,54.52,-164.65,NA
1820,6,"1820-6-15 00:00:00",1820.46,2,-4.525,129.871,NA
1822,3,"1822-3-15 00:00:00",1822.21,4,42.53,140.83,50
1822,10,"1822-10-15 00:00:00",1822.79,5,-7.25,108.05,4011
1822,12,"1822-12-15 00:00:00",1822.96,3,-7.542,110.442,100
1824,NA,"1824-07-01 00:00:00",1824.5,3,54.75,-163.97,NA
1826,10,"1826-10-15 00:00:00",1826.79,3,-7.93,112.308,NA
1826,10,"1826-10-15 00:00:00",1826.79,2,-7.2,109.92,NA
1826,10,"1826-10-15 00:00:00",1826.79,2,32.88,131.1,NA
1827,6,"1827-6-15 00:00:00",1827.46,2,53.255,158.83,NA
1827,8,"1827-8-15 00:00:00",1827.62,2,53.255,158.83,NA
1829,NA,"1829-07-01 00:00:00",1829.5,2,-7.13,107.83,NA
1832,11,"1832-11-15 00:00:00",1832.88,2,37.734,15.004,NA
1832,12,"1832-12-15 00:00:00",1832.96,3,-7.542,110.442,32
1833,11,"1833-11-15 00:00:00",1833.88,2,-3.52,102.62,126
1835,1,"1835-1-15 00:00:00",1835.04,5,12.98,-87.57,NA
1838,2,"1838-2-15 00:00:00",1838.12,2,0.8,127.325,4
1839,2,"1839-2-15 00:00:00",1839.12,2,-33.62,-76.83,NA
1840,2,"1840-2-15 00:00:00",1840.12,2,0.8,127.325,NA
1840,NA,"1840-07-01 00:00:00",1840.5,3,-9.13,159.82,NA
1840,NA,"1840-07-01 00:00:00",1840.5,3,-10.38,165.8,NA
1840,7,"1840-7-15 00:00:00",1840.54,3,39.7,44.28,1900
1841,4,"1841-4-15 00:00:00",1841.29,2,30.43,130.22,NA
1843,8,"1843-8-15 00:00:00",1843.62,2,-8,113.342,4
1843,11,"1843-11-15 00:00:00",1843.88,2,37.734,15.004,56
1845,2,"1845-2-15 00:00:00",1845.12,2,1.108,124.725,NA
1845,2,"1845-2-15 00:00:00",1845.12,3,4.895,-75.322,1000
1845,9,"1845-9-15 00:00:00",1845.71,4,63.98,-19.7,NA
1846,5,"1846-5-15 00:00:00",1846.38,2,-6.77,107.6,NA
1847,4,"1847-4-15 00:00:00",1847.29,2,14.95,-24.35,NA
1847,12,"1847-12-15 00:00:00",1847.96,2,-7.2,109.92,NA
1848,5,"1848-5-15 00:00:00",1848.38,2,-7.93,112.308,21
1850,NA,"1850-07-01 00:00:00",1850.5,2,-4.271,152.203,NA
1853,7,"1853-7-15 00:00:00",1853.54,3,13.257,123.685,34
1853,10,"1853-10-15 00:00:00",1853.79,2,24,121.83,NA
1854,2,"1854-2-15 00:00:00",1854.12,5,56.653,161.36,NA
1854,2,"1854-2-15 00:00:00",1854.12,2,32.88,131.1,3
1854,6,"1854-6-15 00:00:00",1854.46,3,50.858,155.55,NA
1856,3,"1856-3-15 00:00:00",1856.21,3,3.67,125.5,2806
1856,9,"1856-9-15 00:00:00",1856.71,4,42.07,140.68,20
1858,1,"1858-1-15 00:00:00",1858.04,2,13.257,123.685,NA
1860,4,"1860-4-15 00:00:00",1860.29,2,-8.108,112.92,NA
1860,8,"1860-8-15 00:00:00",1860.62,2,14.473,-90.88,NA
1861,5,"1861-5-15 00:00:00",1861.38,3,13.58,41.808,106
1861,5,"1861-5-15 00:00:00",1861.38,2,64.42,-17.33,NA
1861,12,"1861-12-15 00:00:00",1861.96,4,0.32,127.4,326
1864,1,"1864-1-15 00:00:00",1864.04,2,-7.93,112.308,54
1866,2,"1866-2-15 00:00:00",1866.12,2,36.404,25.396,1
1866,9,"1866-9-15 00:00:00",1866.71,2,-14.175,-169.618,NA
1867,10,"1867-10-15 00:00:00",1867.79,2,38.15,140.45,3
1868,4,"1868-4-15 00:00:00",1868.29,2,19.475,-155.608,NA
1869,7,"1869-7-15 00:00:00",1869.54,2,-8.53,122.775,2
1869,8,"1869-8-15 00:00:00",1869.62,2,-8,113.342,8
1870,NA,"1870-07-01 00:00:00",1870.5,3,-8.54,123.59,NA
1870,NA,"1870-07-01 00:00:00",1870.5,2,-15.4,167.83,NA
1870,8,"1870-8-15 00:00:00",1870.62,2,2.28,125.425,NA
1871,3,"1871-3-15 00:00:00",1871.21,2,2.28,125.425,NA
1871,4,"1871-4-15 00:00:00",1871.29,2,9.203,124.673,NA
1871,8,"1871-8-15 00:00:00",1871.62,2,0.8,127.325,1
1871,12,"1871-12-15 00:00:00",1871.96,3,13.257,123.685,3
1872,4,"1872-4-15 00:00:00",1872.29,4,-7.542,110.442,30
1872,4,"1872-4-15 00:00:00",1872.29,4,-7.542,110.442,170
1872,4,"1872-4-15 00:00:00",1872.29,3,40.821,14.426,9
1872,NA,"1872-07-01 00:00:00",1872.5,4,48.875,154.175,NA
1872,11,"1872-11-15 00:00:00",1872.88,4,-7.542,110.442,200
1872,12,"1872-12-15 00:00:00",1872.96,3,32.88,131.1,4
1873,1,"1873-1-15 00:00:00",1873.04,2,7.67,124.5,NA
1874,7,"1874-7-15 00:00:00",1874.54,3,34.08,139.53,1
1874,7,"1874-7-15 00:00:00",1874.54,2,14.002,120.993,NA
1875,3,"1875-3-15 00:00:00",1875.21,5,65.03,-16.75,NA
1877,6,"1877-6-15 00:00:00",1877.46,4,-0.677,-78.436,340
1878,1,"1878-1-15 00:00:00",1878.04,3,-19.52,169.425,NA
1878,1,"1878-1-15 00:00:00",1878.04,3,-4.271,152.203,1
1878,8,"1878-8-15 00:00:00",1878.62,2,53.42,-168.13,NA
1879,2,"1879-2-15 00:00:00",1879.12,2,38.789,15.213,NA
1883,3,"1883-3-15 00:00:00",1883.21,2,-11.75,43.38,NA
1883,8,"1883-8-15 00:00:00",1883.62,6,-6.102,105.423,2000
1883,10,"1883-10-15 00:00:00",1883.79,4,59.37,-153.42,8
1883,12,"1883-12-15 00:00:00",1883.96,3,-6.14,155.195,NA
1885,4,"1885-4-15 00:00:00",1885.29,2,-8.108,112.92,74
1885,5,"1885-5-15 00:00:00",1885.38,3,2.32,-76.4,NA
1886,1,"1886-1-15 00:00:00",1886.04,4,-1.467,-78.442,2
1886,6,"1886-6-15 00:00:00",1886.46,2,-38.12,176.5,153
1886,8,"1886-8-15 00:00:00",1886.62,4,-15.6,-175.63,NA
1887,3,"1887-3-15 00:00:00",1887.21,3,13.257,123.685,15
1888,3,"1888-3-15 00:00:00",1888.21,3,-5.52,148.121,NA
1888,7,"1888-7-15 00:00:00",1888.54,4,37.6,140.08,461
1889,9,"1889-9-15 00:00:00",1889.71,2,3.138,125.491,NA
1890,6,"1890-6-15 00:00:00",1890.46,2,0.32,127.4,NA
1890,NA,"1890-07-01 00:00:00",1890.5,2,-9.2,149.07,NA
1892,5,"1892-5-15 00:00:00",1892.38,2,0.686,99.539,180
1892,6,"1892-6-15 00:00:00",1892.46,3,3.67,125.5,1532
1892,8,"1892-8-15 00:00:00",1892.62,2,-19.75,-175.07,NA
1893,1,"1893-1-15 00:00:00",1893.04,4,-41.326,-72.614,NA
1893,5,"1893-5-15 00:00:00",1893.38,2,37.73,140.25,2
1894,10,"1894-10-15 00:00:00",1894.79,3,-16.25,168.12,10
1895,5,"1895-5-15 00:00:00",1895.38,2,-8.108,112.92,NA
1895,6,"1895-6-15 00:00:00",1895.46,2,-4.649,145.964,1
1895,NA,"1895-07-01 00:00:00",1895.5,2,-5.056,150.108,NA
1895,10,"1895-10-15 00:00:00",1895.79,2,31.93,130.87,4
1896,3,"1896-3-15 00:00:00",1896.21,2,31.93,130.87,1
1897,3,"1897-3-15 00:00:00",1897.21,2,-10.38,165.8,NA
1897,5,"1897-5-15 00:00:00",1897.38,3,13.257,123.685,350
1899,NA,"1899-07-01 00:00:00",1899.5,2,-4.1,145.061,2
1899,11,"1899-11-15 00:00:00",1899.88,4,1.47,-76.92,55
1900,1,"1900-1-15 00:00:00",1900.04,2,36.4,138.53,25
1900,2,"1900-2-15 00:00:00",1900.12,2,31.93,130.87,2
1900,7,"1900-7-15 00:00:00",1900.54,2,37.62,140.28,72
1901,5,"1901-5-15 00:00:00",1901.38,3,-7.93,112.308,NA
1902,5,"1902-5-15 00:00:00",1902.38,4,13.33,-61.18,1680
1902,5,"1902-5-15 00:00:00",1902.38,4,14.82,-61.17,28000
1902,8,"1902-8-15 00:00:00",1902.62,3,30.48,140.32,125
1902,8,"1902-8-15 00:00:00",1902.62,4,14.82,-61.17,1500
1902,10,"1902-10-15 00:00:00",1902.79,6,14.756,-91.552,2500
1902,12,"1902-12-15 00:00:00",1902.96,2,-7.542,110.442,16
1904,2,"1904-2-15 00:00:00",1904.12,2,-11.75,43.38,1
1905,3,"1905-3-15 00:00:00",1905.21,2,40.821,14.426,1
1905,8,"1905-8-15 00:00:00",1905.62,2,-13.612,-172.525,NA
1906,4,"1906-4-15 00:00:00",1906.29,3,40.821,14.426,350
1907,8,"1907-8-15 00:00:00",1907.62,2,12.88,40.57,NA
1907,9,"1907-9-15 00:00:00",1907.71,2,-8.53,122.775,1
1909,4,"1909-4-15 00:00:00",1909.29,2,4.203,9.17,NA
1909,9,"1909-9-15 00:00:00",1909.71,2,-8.108,112.92,221
1910,7,"1910-7-15 00:00:00",1910.54,2,42.53,140.83,1
1911,1,"1911-1-15 00:00:00",1911.04,3,14.002,120.993,1335
1911,5,"1911-5-15 00:00:00",1911.38,2,36.4,138.53,1
1911,8,"1911-8-15 00:00:00",1911.62,2,36.4,138.53,NA
1911,11,"1911-11-15 00:00:00",1911.88,3,-8.108,112.92,NA
1912,9,"1912-9-15 00:00:00",1912.71,6,58.27,-155.16,2
1912,12,"1912-12-15 00:00:00",1912.96,3,-1.408,29.2,20
1913,1,"1913-1-15 00:00:00",1913.04,4,19.514,-103.62,13
1913,3,"1913-3-15 00:00:00",1913.21,2,3.67,125.5,NA
1913,6,"1913-6-15 00:00:00",1913.46,2,-8.108,112.92,NA
1913,12,"1913-12-15 00:00:00",1913.96,3,-16.25,168.12,21
1914,1,"1914-1-15 00:00:00",1914.04,4,31.58,130.67,28
1914,1,"1914-1-15 00:00:00",1914.04,3,-5.58,150.52,NA
1916,3,"1916-3-15 00:00:00",1916.21,4,-1.467,-78.442,NA
1916,7,"1916-7-15 00:00:00",1916.54,3,38.789,15.213,NA
1917,1,"1917-1-15 00:00:00",1917.04,3,-2.751,35.902,NA
1917,4,"1917-4-15 00:00:00",1917.29,3,-41.326,-72.614,NA
1917,6,"1917-6-15 00:00:00",1917.46,3,13.736,-89.286,325
1918,7,"1918-7-15 00:00:00",1918.54,3,3.138,125.491,NA
1918,10,"1918-10-15 00:00:00",1918.79,4,63.63,-19.05,NA
1919,5,"1919-5-15 00:00:00",1919.38,4,-7.93,112.308,5110
1919,5,"1919-5-15 00:00:00",1919.38,3,38.789,15.213,4
1920,7,"1920-7-15 00:00:00",1920.54,3,-7.542,110.442,33
1920,10,"1920-10-15 00:00:00",1920.79,3,13.813,-89.633,NA
1923,3,"1923-3-15 00:00:00",1923.21,2,10.158,109.014,NA
1923,7,"1923-7-15 00:00:00",1923.54,2,31.93,130.87,1
1924,5,"1924-5-15 00:00:00",1924.38,2,19.425,-155.292,1
1926,5,"1926-5-15 00:00:00",1926.38,3,43.42,142.68,144
1928,1,"1928-1-15 00:00:00",1928.04,2,36.404,25.396,48
1928,1,"1928-1-15 00:00:00",1928.04,3,13.257,123.685,NA
1928,5,"1928-5-15 00:00:00",1928.38,2,-7.2,109.92,40
1928,8,"1928-8-15 00:00:00",1928.62,3,-8.32,121.708,98
1929,1,"1929-1-15 00:00:00",1929.04,3,-41.326,-72.614,NA
1929,6,"1929-6-15 00:00:00",1929.46,4,42.07,140.68,2
1929,8,"1929-8-15 00:00:00",1929.62,2,37.734,15.004,2
1929,11,"1929-11-15 00:00:00",1929.88,3,14.756,-91.552,200
1930,3,"1930-3-15 00:00:00",1930.21,2,-6.102,105.423,NA
1930,8,"1930-8-15 00:00:00",1930.62,3,36.4,138.53,6
1930,9,"1930-9-15 00:00:00",1930.71,3,38.789,15.213,5
1930,12,"1930-12-15 00:00:00",1930.96,3,-7.542,110.442,1369
1931,8,"1931-8-15 00:00:00",1931.62,3,36.4,138.53,3
1932,1,"1932-1-15 00:00:00",1932.04,4,14.473,-90.88,NA
1932,10,"1932-10-15 00:00:00",1932.79,3,36.62,138.55,2
1933,1,"1933-1-15 00:00:00",1933.04,3,49.12,154.508,NA
1933,12,"1933-12-15 00:00:00",1933.96,4,30.43,130.22,8
1933,12,"1933-12-15 00:00:00",1933.96,2,12.77,124.05,NA
1936,2,"1936-2-15 00:00:00",1936.12,3,36.4,138.53,2
1937,2,"1937-2-15 00:00:00",1937.12,2,-38.692,-71.729,3
1937,5,"1937-5-15 00:00:00",1937.38,4,-4.271,152.203,507
1938,6,"1938-6-15 00:00:00",1938.46,2,13.257,123.685,NA
1939,8,"1939-8-15 00:00:00",1939.62,2,30.48,140.32,2
1940,6,"1940-6-15 00:00:00",1940.46,2,2.78,125.48,1
1940,7,"1940-7-15 00:00:00",1940.54,2,34.08,139.53,11
1940,7,"1940-7-15 00:00:00",1940.54,2,-2.751,35.902,NA
1941,7,"1941-7-15 00:00:00",1941.54,2,36.4,138.53,1
1941,9,"1941-9-15 00:00:00",1941.71,2,-8.108,112.92,NA
1943,2,"1943-2-15 00:00:00",1943.12,4,19.48,-102.25,3
1943,4,"1943-4-15 00:00:00",1943.29,3,-0.9,-91.42,1
1944,3,"1944-3-15 00:00:00",1944.21,2,40.821,14.426,27
1944,6,"1944-6-15 00:00:00",1944.46,3,52.82,-169.95,1
1944,6,"1944-6-15 00:00:00",1944.46,2,42.53,140.83,1
1944,8,"1944-8-15 00:00:00",1944.62,2,38.789,15.213,NA
1944,8,"1944-8-15 00:00:00",1944.62,2,42.53,140.83,1
1944,12,"1944-12-15 00:00:00",1944.96,2,-7.2,109.92,117
1946,1,"1946-1-15 00:00:00",1946.04,2,31.58,130.67,1
1946,2,"1946-2-15 00:00:00",1946.12,2,-8.108,112.92,6
1946,10,"1946-10-15 00:00:00",1946.79,2,-8.108,112.92,NA
1946,11,"1946-11-15 00:00:00",1946.88,4,48.092,153.2,NA
1947,1,"1947-1-15 00:00:00",1947.04,2,13.257,123.685,NA
1947,7,"1947-7-15 00:00:00",1947.54,2,36.4,138.53,11
1947,11,"1947-11-15 00:00:00",1947.88,4,63.98,-19.7,1
1948,4,"1948-4-15 00:00:00",1948.29,2,-8.54,123.59,NA
1949,1,"1949-1-15 00:00:00",1949.04,3,-39.42,-71.93,54
1949,5,"1949-5-15 00:00:00",1949.38,2,2.32,-76.4,17
1949,6,"1949-6-15 00:00:00",1949.46,3,9.203,124.673,2
1950,9,"1950-9-15 00:00:00",1950.71,3,9.203,124.673,68
1950,9,"1950-9-15 00:00:00",1950.71,2,36.4,138.53,1
1951,1,"1951-1-15 00:00:00",1951.04,4,-8.95,148.15,2942
1951,NA,"1951-07-01 00:00:00",1951.5,2,-9.02,157.95,NA
1951,8,"1951-8-15 00:00:00",1951.62,3,-7.93,112.308,7
1951,12,"1951-12-15 00:00:00",1951.96,3,9.203,124.673,500
1952,9,"1952-9-15 00:00:00",1952.71,2,32.1,139.85,NA
1952,9,"1952-9-15 00:00:00",1952.71,2,32.1,139.85,NA
1952,9,"1952-9-15 00:00:00",1952.71,2,32.1,139.85,31
1952,9,"1952-9-15 00:00:00",1952.71,2,32.1,139.85,NA
1953,3,"1953-3-15 00:00:00",1953.21,2,32.1,139.85,NA
1953,3,"1953-3-15 00:00:00",1953.21,3,-7.542,110.442,64
1953,3,"1953-3-15 00:00:00",1953.21,2,32.1,139.85,NA
1953,4,"1953-4-15 00:00:00",1953.29,2,32.88,131.1,6
1954,8,"1954-8-15 00:00:00",1954.62,2,-3.6,144.85,NA
1955,7,"1955-7-15 00:00:00",1955.54,4,-40.35,-72.07,2
1955,10,"1955-10-15 00:00:00",1955.79,3,31.58,130.67,NA
1956,3,"1956-3-15 00:00:00",1956.21,5,55.978,160.587,NA
1957,3,"1957-3-15 00:00:00",1957.21,2,53.13,-168.68,NA
1957,8,"1957-8-15 00:00:00",1957.62,2,34.73,139.38,1
1957,10,"1957-10-15 00:00:00",1957.79,2,32.88,131.1,12
1958,7,"1958-7-15 00:00:00",1958.54,2,1.358,124.858,1
1958,10,"1958-10-15 00:00:00",1958.79,2,-16.829,168.536,NA
1960,5,"1960-5-15 00:00:00",1960.38,3,-40.59,-72.117,NA
1961,1,"1961-1-15 00:00:00",1961.04,3,-41.326,-72.614,NA
1961,5,"1961-5-15 00:00:00",1961.38,3,-7.542,110.442,6
1961,8,"1961-8-15 00:00:00",1961.62,2,36.4,138.53,1
1962,6,"1962-6-15 00:00:00",1962.46,3,43.42,142.68,5
1962,12,"1962-12-15 00:00:00",1962.96,2,0.8,127.325,5
1963,3,"1963-3-15 00:00:00",1963.21,3,9.979,-83.852,15
1963,3,"1963-3-15 00:00:00",1963.21,5,-8.342,115.508,1028
1963,5,"1963-5-15 00:00:00",1963.38,2,-8.108,112.92,1
1963,5,"1963-5-15 00:00:00",1963.38,3,-8.342,115.508,120
1963,5,"1963-5-15 00:00:00",1963.38,2,-39.42,-71.93,NA
1963,9,"1963-9-15 00:00:00",1963.71,2,-8.242,115.375,2
1963,9,"1963-9-15 00:00:00",1963.71,3,14.473,-90.88,7
1963,12,"1963-12-15 00:00:00",1963.96,3,9.979,-83.852,40
1964,1,"1964-1-15 00:00:00",1964.04,2,-8.32,121.708,1
1964,3,"1964-3-15 00:00:00",1964.21,2,-39.42,-71.93,25
1965,9,"1965-9-15 00:00:00",1965.71,4,14.002,120.993,355
1966,1,"1966-1-15 00:00:00",1966.04,3,-10.38,165.8,NA
1966,4,"1966-4-15 00:00:00",1966.29,4,-7.93,112.308,215
1966,8,"1966-8-15 00:00:00",1966.62,4,3.67,125.5,39
1966,8,"1966-8-15 00:00:00",1966.62,4,-2.751,35.902,NA
1967,7,"1967-7-15 00:00:00",1967.54,3,-2.751,35.902,NA
1967,8,"1967-8-15 00:00:00",1967.62,3,-8.108,112.92,3
1967,12,"1967-12-15 00:00:00",1967.96,3,-62.97,-60.65,NA
1968,4,"1968-4-15 00:00:00",1968.29,3,13.257,123.685,6
1968,7,"1968-7-15 00:00:00",1968.54,3,10.463,-84.703,80
1969,1,"1969-1-15 00:00:00",1969.04,2,-7.542,110.442,3
1969,1,"1969-1-15 00:00:00",1969.04,3,-8.88,121.63,2
1969,3,"1969-3-15 00:00:00",1969.21,2,19.077,122.202,NA
1970,5,"1970-5-15 00:00:00",1970.38,3,63.98,-19.7,NA
1971,8,"1971-8-15 00:00:00",1971.62,3,-45.9,-72.97,5
1971,9,"1971-9-15 00:00:00",1971.71,2,-10.38,165.8,NA
1971,9,"1971-9-15 00:00:00",1971.71,3,14.473,-90.88,10
1971,10,"1971-10-15 00:00:00",1971.79,2,28.58,-17.83,NA
1971,10,"1971-10-15 00:00:00",1971.79,2,-39.42,-71.93,15
1972,6,"1972-6-15 00:00:00",1972.46,2,-21.229,55.713,3
1973,1,"1973-1-15 00:00:00",1973.04,3,63.43,-20.28,1
1973,1,"1973-1-15 00:00:00",1973.04,3,-8.32,121.708,NA
1973,12,"1973-12-15 00:00:00",1973.96,2,-8.54,123.59,2
1974,2,"1974-2-15 00:00:00",1974.12,3,2.78,125.48,4
1974,6,"1974-6-15 00:00:00",1974.46,3,31.58,130.67,3
1974,7,"1974-7-15 00:00:00",1974.54,2,36.92,138.03,3
1974,8,"1974-8-15 00:00:00",1974.62,3,31.58,130.67,5
1974,10,"1974-10-15 00:00:00",1974.79,4,14.473,-90.88,NA
1974,10,"1974-10-15 00:00:00",1974.79,2,-7.542,110.442,9
1975,1,"1975-1-15 00:00:00",1975.04,2,-0.381,100.473,80
1975,6,"1975-6-15 00:00:00",1975.46,3,10.463,-84.703,2
1976,8,"1976-8-15 00:00:00",1976.62,3,-2.03,-78.33,2
1976,8,"1976-8-15 00:00:00",1976.62,2,-8.108,112.92,119
1976,9,"1976-9-15 00:00:00",1976.71,2,2.78,125.48,1
1976,11,"1976-11-15 00:00:00",1976.88,2,-7.542,110.442,29
1977,8,"1977-8-15 00:00:00",1977.62,3,56.057,160.638,1
1977,8,"1977-8-15 00:00:00",1977.62,3,42.53,140.83,3
1978,1,"1978-1-15 00:00:00",1978.04,3,42.53,140.83,3
1978,7,"1978-7-15 00:00:00",1978.54,2,12.77,124.05,NA
1978,9,"1978-9-15 00:00:00",1978.71,3,14.756,-91.552,1
1978,9,"1978-9-15 00:00:00",1978.71,3,-8.108,112.92,12
1979,3,"1979-3-15 00:00:00",1979.21,2,-4.649,145.964,2
1979,4,"1979-4-15 00:00:00",1979.29,3,13.33,-61.18,2
1979,7,"1979-7-15 00:00:00",1979.54,2,37.734,15.004,9
1979,9,"1979-9-15 00:00:00",1979.71,2,32.88,131.1,3
1980,5,"1980-5-15 00:00:00",1980.38,5,46.2,-122.18,57
1980,8,"1980-8-15 00:00:00",1980.62,3,63.98,-19.7,NA
1981,3,"1981-3-15 00:00:00",1981.21,2,37.734,15.004,NA
1981,3,"1981-3-15 00:00:00",1981.21,3,-8.108,112.92,1
1981,4,"1981-4-15 00:00:00",1981.29,2,50.858,155.55,NA
1981,5,"1981-5-15 00:00:00",1981.38,3,-8.108,112.92,372
1981,9,"1981-9-15 00:00:00",1981.71,2,-8.32,121.708,NA
1982,3,"1982-3-15 00:00:00",1982.21,5,17.36,-93.228,1879
1982,4,"1982-4-15 00:00:00",1982.29,5,17.36,-93.228,33
1982,5,"1982-5-15 00:00:00",1982.38,4,-7.25,108.05,68
1982,5,"1982-5-15 00:00:00",1982.38,5,17.36,-93.228,1
1983,3,"1983-3-15 00:00:00",1983.21,2,56.057,160.638,1
1983,7,"1983-7-15 00:00:00",1983.54,4,-0.17,121.608,NA
1983,10,"1983-10-15 00:00:00",1983.79,3,34.08,139.53,NA
1984,9,"1984-9-15 00:00:00",1984.71,3,13.257,123.685,1
1984,10,"1984-10-15 00:00:00",1984.79,3,37.734,15.004,1
1985,5,"1985-5-15 00:00:00",1985.38,3,-8.108,112.92,70
1985,11,"1985-11-15 00:00:00",1985.88,3,4.895,-75.322,23080
1986,7,"1986-7-15 00:00:00",1986.54,2,38.789,15.213,1
1986,8,"1986-8-15 00:00:00",1986.62,3,6.25,10.5,1700
1986,10,"1986-10-15 00:00:00",1986.79,2,-7.542,110.442,1
1986,11,"1986-11-15 00:00:00",1986.88,3,34.73,139.38,1
1987,1,"1987-1-15 00:00:00",1987.04,3,14.381,-90.601,NA
1987,4,"1987-4-15 00:00:00",1987.29,2,37.734,15.004,2
1988,5,"1988-5-15 00:00:00",1988.38,3,-4.525,129.871,4
1988,7,"1988-7-15 00:00:00",1988.54,3,10.463,-84.703,1
1988,7,"1988-7-15 00:00:00",1988.54,3,-8.108,112.92,1
1988,12,"1988-12-15 00:00:00",1988.96,3,-38.377,-71.58,1
1990,2,"1990-2-15 00:00:00",1990.12,3,56.653,161.36,NA
1990,2,"1990-2-15 00:00:00",1990.12,4,-7.93,112.308,32
1990,3,"1990-3-15 00:00:00",1990.21,2,32.88,131.1,1
1990,4,"1990-4-15 00:00:00",1990.29,2,32.88,131.1,1
1990,5,"1990-5-15 00:00:00",1990.38,3,-15.78,-71.85,NA
1990,7,"1990-7-15 00:00:00",1990.54,3,14.756,-91.552,4
1990,10,"1990-10-15 00:00:00",1990.79,2,32.88,131.1,1
1991,6,"1991-6-15 00:00:00",1991.46,6,15.13,120.35,350
1991,7,"1991-7-15 00:00:00",1991.54,2,-11.75,43.38,NA
1991,8,"1991-8-15 00:00:00",1991.62,5,-45.9,-72.97,NA
1991,12,"1991-12-15 00:00:00",1991.96,2,37.734,15.004,NA
1992,1,"1992-1-15 00:00:00",1992.04,2,2.78,125.48,2
1992,4,"1992-4-15 00:00:00",1992.29,3,12.506,-86.702,11
1992,NA,"1992-07-01 00:00:00",1992.5,3,-8.108,112.92,3
1992,7,"1992-7-15 00:00:00",1992.54,2,-0.381,100.473,1
1992,9,"1992-9-15 00:00:00",1992.71,4,61.3,-152.25,1
1993,1,"1993-1-15 00:00:00",1993.04,2,1.22,-77.37,9
1993,2,"1993-2-15 00:00:00",1993.12,2,13.257,123.685,75
1994,1,"1994-1-15 00:00:00",1994.04,3,-19.52,169.425,1
1994,2,"1994-2-15 00:00:00",1994.12,3,-8.108,112.92,6
1994,9,"1994-9-15 00:00:00",1994.71,3,-4.271,152.203,4
1994,11,"1994-11-15 00:00:00",1994.88,3,-8.42,116.47,31
1994,11,"1994-11-15 00:00:00",1994.88,3,-7.542,110.442,60
1995,2,"1995-2-15 00:00:00",1995.12,3,-19.52,169.425,2
1995,4,"1995-4-15 00:00:00",1995.29,2,14.95,-24.35,NA
1995,4,"1995-4-15 00:00:00",1995.29,3,14.381,-90.601,1
1996,1,"1996-1-15 00:00:00",1996.04,2,54.05,159.43,NA
1996,4,"1996-4-15 00:00:00",1996.29,3,19.023,-98.622,5
1996,8,"1996-8-15 00:00:00",1996.62,2,10.412,123.132,3
1996,9,"1996-9-15 00:00:00",1996.71,3,64.42,-17.33,NA
1996,12,"1996-12-15 00:00:00",1996.96,3,-4.1,145.061,13
1997,1,"1997-1-15 00:00:00",1997.04,2,-7.542,110.442,6
1997,6,"1997-6-15 00:00:00",1997.46,3,16.72,-62.18,22
1997,8,"1997-8-15 00:00:00",1997.62,3,16.72,-62.18,2
1997,9,"1997-9-15 00:00:00",1997.71,3,-8.108,112.92,2
1999,1,"1999-1-15 00:00:00",1999.04,3,16.72,-62.18,NA
1999,5,"1999-5-15 00:00:00",1999.38,2,14.473,-90.88,NA
1999,8,"1999-8-15 00:00:00",1999.62,4,56.653,161.36,NA
1999,10,"1999-10-15 00:00:00",1999.79,3,-0.171,-78.598,2
1999,10,"1999-10-15 00:00:00",1999.79,3,-1.467,-78.442,1
2000,6,"2000-6-15 00:00:00",2000.46,2,34.08,139.53,NA
2000,7,"2000-7-15 00:00:00",2000.54,3,-8.108,112.92,2
2000,8,"2000-8-15 00:00:00",2000.62,3,10.463,-84.703,2
2000,11,"2000-11-15 00:00:00",2000.88,2,-7.542,110.442,1
2001,5,"2001-5-15 00:00:00",2001.38,3,37.734,15.004,1
2001,7,"2001-7-15 00:00:00",2001.54,2,37.734,15.004,NA
2001,8,"2001-8-15 00:00:00",2001.62,2,-7.542,110.442,2
2001,10,"2001-10-15 00:00:00",2001.79,2,38.789,15.213,1
2002,1,"2002-1-15 00:00:00",2002.04,3,2.78,125.48,NA
2002,NA,"2002-07-01 00:00:00",2002.5,3,-8.108,112.92,3
2002,8,"2002-8-15 00:00:00",2002.62,3,37.734,15.004,NA
2002,11,"2002-11-15 00:00:00",2002.88,4,-0.078,-77.656,NA
2003,7,"2003-7-15 00:00:00",2003.54,3,16.72,-62.18,NA
2004,6,"2004-6-15 00:00:00",2004.46,2,-7.942,112.95,2
2004,10,"2004-10-15 00:00:00",2004.79,4,-4.1,145.061,5
2005,1,"2005-1-15 00:00:00",2005.04,4,-4.1,145.061,1
2005,10,"2005-10-15 00:00:00",2005.79,3,13.853,-89.63,2
2006,5,"2006-5-15 00:00:00",2006.38,2,16.72,-62.18,NA
2006,6,"2006-6-15 00:00:00",2006.46,2,12.77,124.05,1
2006,7,"2006-7-15 00:00:00",2006.54,3,-1.467,-78.442,1
2006,8,"2006-8-15 00:00:00",2006.62,3,-1.467,-78.442,5
2007,3,"2007-3-15 00:00:00",2007.21,4,-4.1,145.061,4
2008,8,"2008-8-15 00:00:00",2008.62,3,52.18,-175.5,NA
2008,8,"2008-8-15 00:00:00",2008.62,3,-1.467,-78.442,2
2010,1,"2010-1-15 00:00:00",2010.04,3,-1.467,-78.442,NA
2010,3,"2010-3-15 00:00:00",2010.21,2,63.63,-19.62,2
2010,8,"2010-8-15 00:00:00",2010.62,3,2.78,125.48,4
2010,11,"2010-11-15 00:00:00",2010.88,3,-1.467,-78.442,NA
2011,2,"2011-2-15 00:00:00",2011.12,2,12.77,124.05,1
2011,4,"2011-4-15 00:00:00",2011.29,4,-1.467,-78.442,NA
2011,6,"2011-6-15 00:00:00",2011.46,4,-40.59,-72.117,NA
2011,6,"2011-6-15 00:00:00",2011.46,3,13.37,41.7,31
2011,12,"2011-12-15 00:00:00",2011.96,3,0.8,127.325,4
2013,8,"2013-8-15 00:00:00",2013.62,3,-8.32,121.708,5
2013,9,"2013-9-15 00:00:00",2013.71,2,3.17,98.392,NA
2014,9,"2014-9-15 00:00:00",2014.71,3,35.9,137.48,55
2015,7,"2015-7-15 00:00:00",2015.54,2,-4.1,145.061,NA
2017,4,"2017-4-15 00:00:00",2017.29,2,3.17,98.392,NA
2017,6,"2017-6-15 00:00:00",2017.46,2,14.473,-90.88,NA
2018,3,"2018-3-15 00:00:00",2018.21,3,-15.4,167.83,4
2018,6,"2018-6-15 00:00:00",2018.46,2,14.473,-90.88,165
2018,8,"2018-8-15 00:00:00",2018.62,4,-4.1,145.061,NA
2018,12,"2018-12-15 00:00:00",2018.96,2,-16.25,168.12,NA
2018,12,"2018-12-15 00:00:00",2018.96,2,37.734,15.004,NA
2019,1,"2019-1-15 00:00:00",2019.04,4,-4.1,145.061,NA
2019,6,"2019-6-15 00:00:00",2019.46,4,-4.1,145.061,NA
2019,7,"2019-7-15 00:00:00",2019.54,2,38.789,15.213,1
2019,8,"2019-8-15 00:00:00",2019.62,2,38.789,15.213,NA
